fecha,La Paz,Cochabamba,Santa Cruz,Oruro,Potosi,Tarija,Chuquisaca,Beni,Pando,Bolivia
2020-05-07,,,,,,,,,,
2020-05-08,,,,,,,,,,
2020-05-09,,,,,,,,,,
2020-05-10,,,,,,,,,,
2020-05-11,,,,,,,,,,
2020-05-12,,,,,,,,,,
2020-05-13,,,,,,,,,,
2020-05-14,,,,,,,,,,
2020-05-15,,,,,,,,,,
2020-05-16,,,,,,,,,,
2020-05-17,,,,,,,,,,
2020-05-18,,,,,,,,,,
2020-05-19,,,,,,,,,,
2020-05-20,,,,,,,,,,
2020-05-21,,,,,,,,,,
2020-05-22,,,,,,,,,,
2020-05-23,,,,,,,,,,
2020-05-24,,,,,,,,,,
2020-05-25,,,,,,,,,,
2020-05-26,,,,,,,,,,
2020-05-27,,,,,,,,,,
2020-05-28,,,,,,,,,,
2020-05-29,,,,,,,,,,
2020-05-30,,,,,,,,,,
2020-05-31,,,,,,,,,,
2020-06-01,,,,,,,,,,
2020-06-02,,,,,,,,,,
2020-06-03,,,,,,,,,,
2020-06-04,,,,,,,,,,
2020-06-05,,,,,,,,,,
2020-06-06,,,,,,,,,,
2020-06-07,,,,,,,,,,
2020-06-08,,,,,,,,,,
2020-06-09,,,,,,,,,,
2020-06-10,,,,,,,,,,
2020-06-11,,,,,,,,,,
2020-06-12,,,,,,,,,,
2020-06-13,,,,,,,,,,
2020-06-14,,,,,,,,,,
2020-06-15,,,,,,,,,,
2020-06-16,,,,,,,,,,
2020-06-17,,,,,,,,,,
2020-06-18,,,,,,,,,,
2020-06-19,,,,,,,,,,
2020-06-20,,,,,,,,,,
2020-06-21,,,,,,,,,,
2020-06-22,,,,,,,,,,
2020-06-23,,,,,,,,,,
2020-06-24,,,,,,,,,,
2020-06-25,,,,,,,,,,
2020-06-26,,,,,,,,,,
2020-06-27,,,,,,,,,,
2020-06-28,,,,,,,,,,
2020-06-29,,,,,,,,,,
2020-06-30,,,,,,,,,,
2020-07-01,,,,,,,,,,
2020-07-02,,,,,,,,,,
2020-07-03,,,,,,,,,,
2020-07-04,,,,,,,,,,
2020-07-05,,,,,,,,,,
2020-07-06,,,,,,,,,,
2020-07-07,,,,,,,,,,
2020-07-08,,,,,,,,,,
2020-07-09,,,,,,,,,,
2020-07-10,,,,,,,,,,
2020-07-11,,,,,,,,,,
2020-07-12,,,,,,,,,,
2020-07-13,,,,,,,,,,
2020-07-14,,,,,,,,,,
2020-07-15,,,,,,,,,,
2020-07-16,,,,,,,,,,
2020-07-17,,,,,,,,,,
2020-07-18,,,,,,,,,,
2020-07-19,,,,,,,,,,
2020-07-20,,,,,,,,,,
2020-07-21,,,,,,,,,,
2020-07-22,,,,,,,,,,
2020-07-23,,,,,,,,,,
2020-07-24,,,,,,,,,,
2020-07-25,,,,,,,,,,
2020-07-26,,,,,,,,,,
2020-07-27,,,,,,,,,,
2020-07-28,,,,,,,,,,
2020-07-29,,,,,,,,,,
2020-07-30,,,,,,,,,,
2020-07-31,,,,,,,,,,
2020-08-01,,,,,,,,,,
2020-08-02,,,,,,,,,,
2020-08-03,,,,,,,,,,
2020-08-04,,,,,,,,,,
2020-08-05,,,,,,,,,,
2020-08-06,,,,,,,,,,
2020-08-07,,,,,,,,,,
2020-08-08,,,,,,,,,,
2020-08-09,,,,,,,,,,
2020-08-10,,,,,,,,,,
2020-08-11,,,,,,,,,,
2020-08-12,,,,,,,,,,
2020-08-13,,,,,,,,,,
2020-08-14,,,,,,,,,,
2020-08-15,,,,,,,,,,
2020-08-16,,,,,,,,,,
2020-08-17,,,,,,,,,,
2020-08-18,,,,,,,,,,
2020-08-19,,,,,,,,,,
2020-08-20,,,,,,,,,,
2020-08-21,,,,,,,,,,
2020-08-22,,,,,,,,,,
2020-08-23,,,,,,,,,,
2020-08-24,,,,,,,,,,
2020-08-25,,,,,,,,,,
2020-08-26,,,,,,,,,,
2020-08-27,,,,,,,,,,
2020-08-28,,,,,,,,,,
2020-08-29,,,,,,,,,,
2020-08-30,,,,,,,,,,
2020-08-31,,,,,,,,,,
2020-09-01,,,,,,,,,,
2020-09-02,,,,,,,,,,
2020-09-03,,,,,,,,,,
2020-09-04,,,,,,,,,,
2020-09-05,,,,,,,,,,
2020-09-06,,,,,,,,,,
2020-09-07,,,,,,,,,,
2020-09-08,,,,,,,,,,
2020-09-09,,,,,,,,,,
2020-09-10,,,,,,,,,,
2020-09-11,,,,,,,,,,
2020-09-12,,,,,,,,,,
2020-09-13,,,,,,,,,,
2020-09-14,,,,,,,,,,
2020-09-15,,,,,,,,,,
2020-09-16,,,,,,,,,,
2020-09-17,,,,,,,,,,
2020-09-18,,,,,,,,,,
2020-09-19,,,,,,,,,,
2020-09-20,,,,,,,,,,
2020-09-21,,,,,,,,,,
2020-09-22,,,,,,,,,,
2020-09-23,,,,,,,,,,
2020-09-24,,,,,,,,,,
2020-09-25,,,,,,,,,,
2020-09-26,,,,,,,,,,
2020-09-27,,,,,,,,,,
2020-09-28,,,,,,,,,,
2020-09-29,,,,,,,,,,
2020-09-30,,,,,,,,,,
2020-10-01,,,,,,,,,,
2020-10-02,,,,,,,,,,
2020-10-03,,,,,,,,,,
2020-10-04,,,,,,,,,,
2020-10-05,,,,,,,,,,
2020-10-06,,,,,,,,,,
2020-10-07,,,,,,,,,,
2020-10-08,,,,,,,,,,
2020-10-09,,,,,,,,,,
2020-10-10,,,,,,,,,,
2020-10-11,,,,,,,,,,
2020-10-12,,,,,,,,,,
2020-10-13,,,,,,,,,,
2020-10-14,,,,,,,,,,
2020-10-15,,,,,,,,,,
2020-10-16,,,,,,,,,,
2020-10-17,,,,,,,,,,
2020-10-18,,,,,,,,,,
2020-10-19,,,,,,,,,,
2020-10-20,,,,,,,,,,
2020-10-21,,,,,,,,,,
2020-10-22,,,,,,,,,,
2020-10-23,,,,,,,,,,
2020-10-24,,,,,,,,,,
2020-10-25,,,,,,,,,,
2020-10-26,,,,,,,,,,
2020-10-27,,,,,,,,,,
2020-10-28,,,,,,,,,,
2020-10-29,,,,,,,,,,
2020-10-30,,,,,,,,,,
2020-10-31,,,,,,,,,,
2020-11-01,,,,,,,,,,
2020-11-02,,,,,,,,,,
2020-11-03,,,,,,,,,,
2020-11-04,,,,,,,,,,
2020-11-05,,,,,,,,,,
2020-11-06,,,,,,,,,,
2020-11-07,,,,,,,,,,
2020-11-08,,,,,,,,,,
2020-11-09,,,,,,,,,,
2020-11-10,,,,,,,,,,
2020-11-11,,,,,,,,,,
2020-11-12,,,,,,,,,,
2020-11-13,,,,,,,,,,
2020-11-14,,,,,,,,,,
2020-11-15,,,,,,,,,,
2020-11-16,,,,,,,,,,
2020-11-17,,,,,,,,,,
2020-11-18,,,,,,,,,,
2020-11-19,,,,,,,,,,
2020-11-20,,,,,,,,,,
2020-11-21,,,,,,,,,,
2020-11-22,,,,,,,,,,
2020-11-23,,,,,,,,,,
2020-11-24,,,,,,,,,,
2020-11-25,,,,,,,,,,
2020-11-26,,,,,,,,,,
2020-11-27,,,,,,,,,,
2020-11-28,,,,,,,,,,
2020-11-29,,,,,,,,,,
2020-11-30,,,,,,,,,,
2020-12-01,,,,,,,,,,
2020-12-02,,,,,,,,,,
2020-12-03,,,,,,,,,,
2020-12-04,,,,,,,,,,
2020-12-05,,,,,,,,,,
2020-12-06,,,,,,,,,,
2020-12-07,,,,,,,,,,
2020-12-08,,,,,,,,,,
2020-12-09,,,,,,,,,,
2020-12-10,,,,,,,,,,
2020-12-11,,,,,,,,,,
2020-12-12,,,,,,,,,,
2020-12-13,,,,,,,,,,
2020-12-14,,,,,,,,,,
2020-12-15,,,,,,,,,,
2020-12-16,,,,,,,,,,
2020-12-17,,,,,,,,,,
2020-12-18,,,,,,,,,,
2020-12-19,,,,,,,,,,
2020-12-20,,,,,,,,,,
2020-12-21,,,,,,,,,,
2020-12-22,,,,,,,,,,
2020-12-23,,,,,,,,,,
2020-12-24,,,,,,,,,,
2020-12-25,,,,,,,,,,
2020-12-26,,,,,,,,,,
2020-12-27,,,,,,,,,,
2020-12-28,,,,,,,,,,
2020-12-29,,,,,,,,,,
2020-12-30,,,,,,,,,,
2020-12-31,,,,,,,,,,
2021-01-01,,,,,,,,,,
2021-01-02,,,,,,,,,,
2021-01-03,,,,,,,,,,
2021-01-04,,,,,,,,,,
2021-01-05,,,,,,,,,,
2021-01-06,,,,,,,,,,
2021-01-07,,,,,,,,,,
2021-01-08,,,,,,,,,,
2021-01-09,,,,,,,,,,
2021-01-10,,,,,,,,,,
2021-01-11,,,,,,,,,,
2021-01-12,,,,,,,,,,
2021-01-13,,,,,,,,,,
2021-01-14,,,,,,,,,,
2021-01-15,,,,,,,,,,
2021-01-16,,,,,,,,,,
2021-01-17,,,,,,,,,,
2021-01-18,,,,,,,,,,
2021-01-19,,,,,,,,,,
2021-01-20,,,,,,,,,,
2021-01-21,,,,,,,,,,
2021-01-22,,,,,,,,,,
2021-01-23,,,,,,,,,,
2021-01-24,,,,,,,,,,
2021-01-25,,,,,,,,,,
2021-01-26,,,,,,,,,,
2021-01-27,,,,,,,,,,
2021-01-28,,,,,,,,,,
2021-01-29,,,,,,,,,,
2021-01-30,,,,,,,,,,
2021-01-31,,,,,,,,,,
2021-02-01,,,,,,,,,,
2021-02-02,,,,,,,,,,
2021-02-03,,,,,,,,,,
2021-02-04,,,,,,,,,,
2021-02-05,,,,,,,,,,
2021-02-06,,,,,,,,,,
2021-02-07,,,,,,,,,,
2021-02-08,,,,,,,,,,
2021-02-09,,,,,,,,,,
2021-02-10,,,,,,,,,,
2021-02-11,,,,,,,,,,
2021-02-12,,,,,,,,,,
2021-02-13,,,,,,,,,,
2021-02-14,,,,,,,,,,
2021-02-15,,,,,,,,,,
2021-02-16,,,,,,,,,,
2021-02-17,,,,,,,,,,
2021-02-18,,,,,,,,,,
2021-02-19,,,,,,,,,,
2021-02-20,,,,,,,,,,
2021-02-21,,,,,,,,,,
2021-02-22,,,,,,,,,,
2021-02-23,,,,,,,,,,
2021-02-24,,,,,,,,,,
2021-02-25,,,,,,,,,,
2021-02-26,,,,,,,,,,
2021-02-27,,,,,,,,,,
2021-02-28,,,,,,,,,,
2021-03-01,,,,,,,,,,
2021-03-02,,,,,,,,,,
2021-03-03,,,,,,,,,,
2021-03-04,,,,,,,,,,
2021-03-05,,,,,,,,,,
2021-03-06,,,,,,,,,,
2021-03-07,,,,,,,,,,
2021-03-08,,,,,,,,,,
2021-03-09,,,,,,,,,,
2021-03-10,,,,,,,,,,
2021-03-11,,,,,,,,,,
2021-03-12,,,,,,,,,,
2021-03-13,,,,,,,,,,
2021-03-14,,,,,,,,,,
2021-03-15,,,,,,,,,,
2021-03-16,,,,,,,,,,
2021-03-17,,,,,,,,,,
2021-03-18,,,,,,,,,,
2021-03-19,,,,,,,,,,
2021-03-20,,,,,,,,,,
2021-03-21,,,,,,,,,,
2021-03-22,,,,,,,,,,
2021-03-23,,,,,,,,,,
2021-03-24,,,,,,,,,,
2021-03-25,,,,,,,,,,
2021-03-26,,,,,,,,,,
2021-03-27,,,,,,,,,,
2021-03-28,,,,,,,,,,
2021-03-29,,,,,,,,,,
2021-03-30,,,,,,,,,,
2021-03-31,,,,,,,,,,
2021-04-01,,,,,,,,,,
2021-04-02,,,,,,,,,,
2021-04-03,,,,,,,,,,
2021-04-04,,,,,,,,,,
2021-04-05,,,,,,,,,,
2021-04-06,,,,,,,,,,
2021-04-07,,,,,,,,,,
2021-04-08,,,,,,,,,,
2021-04-09,,,,,,,,,,
2021-04-10,,,,,,,,,,
2021-04-11,,,,,,,,,,
2021-04-12,,,,,,,,,,
2021-04-13,,,,,,,,,,
2021-04-14,,,,,,,,,,
2021-04-15,,,,,,,,,,
2021-04-16,,,,,,,,,,
2021-04-17,,,,,,,,,,
2021-04-18,,,,,,,,,,
2021-04-19,,,,,,,,,,
2021-04-20,,,,,,,,,,
2021-04-21,,,,,,,,,,
2021-04-22,,,,,,,,,,
2021-04-23,,,,,,,,,,
2021-04-24,,,,,,,,,,
2021-04-25,,,,,,,,,,
2021-04-26,,,,,,,,,,
2021-04-27,,,,,,,,,,
2021-04-28,,,,,,,,,,
2021-04-29,,,,,,,,,,
2021-04-30,,,,,,,,,,
2021-05-01,,,,,,,,,,
2021-05-02,,,,,,,,,,
2021-05-03,,,,,,,,,,
2021-05-04,,,,,,,,,,
2021-05-05,,,,,,,,,,
2021-05-06,,,,,,,,,,
2021-05-07,,,,,,,,,,
2021-05-08,,,,,,,,,,
2021-05-09,,,,,,,,,,
2021-05-10,,,,,,,,,,
2021-05-11,,,,,,,,,,
2021-05-12,,,,,,,,,,
2021-05-13,,,,,,,,,,
2021-05-14,,,,,,,,,,
2021-05-15,,,,,,,,,,
2021-05-16,,,,,,,,,,
2021-05-17,,,,,,,,,,
2021-05-18,,,,,,,,,,
2021-05-19,,,,,,,,,,
2021-05-20,,,,,,,,,,
2021-05-21,,,,,,,,,,
2021-05-22,,,,,,,,,,
2021-05-23,,,,,,,,,,
2021-05-24,,,,,,,,,,
2021-05-25,,,,,,,,,,
2021-05-26,,,,,,,,,,
2021-05-27,,,,,,,,,,
2021-05-28,,,,,,,,,,
2021-05-29,,,,,,,,,,
2021-05-30,,,,,,,,,,
2021-05-31,,,,,,,,,,
2021-06-01,,,,,,,,,,
2021-06-02,,,,,,,,,,
2021-06-03,,,,,,,,,,
2021-06-04,,,,,,,,,,
2021-06-05,,,,,,,,,,
2021-06-06,,,,,,,,,,
2021-06-07,,,,,,,,,,
2021-06-08,,,,,,,,,,
2021-06-09,,,,,,,,,,
2021-06-10,,,,,,,,,,
2021-06-11,,,,,,,,,,
2021-06-12,,,,,,,,,,
2021-06-13,,,,,,,,,,
2021-06-14,,,,,,,,,,
2021-06-15,,,,,,,,,,
2021-06-16,,,,,,,,,,
2021-06-17,,,,,,,,,,
2021-06-18,,,,,,,,,,
2021-06-19,,,,,,,,,,
2021-06-20,,,,,,,,,,
2021-06-21,,,,,,,,,,
2021-06-22,,,,,,,,,,
2021-06-23,,,,,,,,,,
2021-06-24,,,,,,,,,,
2021-06-25,,,,,,,,,,
2021-06-26,,,,,,,,,,
2021-06-27,,,,,,,,,,
2021-06-28,,,,,,,,,,
2021-06-29,,,,,,,,,,
2021-06-30,,,,,,,,,,
2021-07-01,,,,,,,,,,
2021-07-02,,,,,,,,,,
2021-07-03,,,,,,,,,,
2021-07-04,,,,,,,,,,
2021-07-05,,,,,,,,,,
2021-07-06,,,,,,,,,,
2021-07-07,,,,,,,,,,
2021-07-08,,,,,,,,,,
2021-07-09,,,,,,,,,,
2021-07-10,,,,,,,,,,
2021-07-11,,,,,,,,,,
2021-07-12,,,,,,,,,,
2021-07-13,,,,,,,,,,
2021-07-14,,,,,,,,,,
2021-07-15,,,,,,,,,,
2021-07-16,,,,,,,,,,
2021-07-17,,,,,,,,,,
2021-07-18,,,,,,,,,,
2021-07-19,,,,,,,,,,
2021-07-20,,,,,,,,,,
2021-07-21,,,,,,,,,,
2021-07-22,,,,,,,,,,
2021-07-23,,,,,,,,,,
2021-07-24,,,,,,,,,,
2021-07-25,,,,,,,,,,
2021-07-26,,,,,,,,,,
2021-07-27,,,,,,,,,,
2021-07-28,,,,,,,,,,
2021-07-29,,,,,,,,,,
2021-07-30,,,,,,,,,,
2021-07-31,,,,,,,,,,
2021-08-01,,,,,,,,,,
2021-08-02,,,,,,,,,,
2021-08-03,,,,,,,,,,
2021-08-04,,,,,,,,,,
2021-08-05,,,,,,,,,,
2021-08-06,,,,,,,,,,
2021-08-07,,,,,,,,,,
2021-08-08,,,,,,,,,,
2021-08-09,,,,,,,,,,
2021-08-10,,,,,,,,,,
2021-08-11,,,,,,,,,,
2021-08-12,,,,,,,,,,
2021-08-13,,,,,,,,,,
2021-08-14,,,,,,,,,,
2021-08-15,,,,,,,,,,
2021-08-16,,,,,,,,,,
2021-08-17,,,,,,,,,,
2021-08-18,,,,,,,,,,
2021-08-19,,,,,,,,,,
2021-08-20,,,,,,,,,,
2021-08-21,,,,,,,,,,
2021-08-22,,,,,,,,,,
2021-08-23,,,,,,,,,,
2021-08-24,,,,,,,,,,
2021-08-25,,,,,,,,,,
2021-08-26,,,,,,,,,,
2021-08-27,,,,,,,,,,
2021-08-28,,,,,,,,,,
2021-08-29,,,,,,,,,,
2021-08-30,,,,,,,,,,
2021-08-31,,,,,,,,,,
2021-09-01,,,,,,,,,,
2021-09-02,,,,,,,,,,
2021-09-03,,,,,,,,,,
2021-09-04,,,,,,,,,,
2021-09-05,,,,,,,,,,
2021-09-06,,,,,,,,,,
2021-09-07,,,,,,,,,,
2021-09-08,,,,,,,,,,
2021-09-09,,,,,,,,,,
2021-09-10,,,,,,,,,,
2021-09-11,,,,,,,,,,
2021-09-12,,,,,,,,,,
2021-09-13,,,,,,,,,,
2021-09-14,,,,,,,,,,
2021-09-15,,,,,,,,,,
2021-09-16,,,,,,,,,,
2021-09-17,,,,,,,,,,
2021-09-18,,,,,,,,,,
2021-09-19,,,,,,,,,,
2021-09-20,,,,,,,,,,
2021-09-21,,,,,,,,,,
2021-09-22,,,,,,,,,,
2021-09-23,,,,,,,,,,
2021-09-24,,,,,,,,,,
2021-09-25,,,,,,,,,,
2021-09-26,,,,,,,,,,
2021-09-27,,,,,,,,,,
2021-09-28,,,,,,,,,,
2021-09-29,,,,,,,,,,
2021-09-30,,,,,,,,,,
2021-10-01,,,,,,,,,,
2021-10-02,,,,,,,,,,
2021-10-03,,,,,,,,,,
2021-10-04,,,,,,,,,,
2021-10-05,,,,,,,,,,
2021-10-06,,,,,,,,,,
2021-10-07,,,,,,,,,,
2021-10-08,,,,,,,,,,
2021-10-09,,,,,,,,,,
2021-10-10,,,,,,,,,,
2021-10-11,,,,,,,,,,
2021-10-12,,,,,,,,,,
2021-10-13,,,,,,,,,,
2021-10-14,,,,,,,,,,
2021-10-15,,,,,,,,,,
2021-10-16,,,,,,,,,,
2021-10-17,,,,,,,,,,
2021-10-18,,,,,,,,,,
2021-10-19,,,,,,,,,,
2021-10-20,,,,,,,,,,
2021-10-21,,,,,,,,,,
2021-10-22,,,,,,,,,,
2021-10-23,,,,,,,,,,
2021-10-24,,,,,,,,,,
2021-10-25,,,,,,,,,,
2021-10-26,,,,,,,,,,
2021-10-27,,,,,,,,,,
2021-10-28,,,,,,,,,,
2021-10-29,,,,,,,,,,
2021-10-30,,,,,,,,,,
2021-10-31,,,,,,,,,,
2021-11-01,,,,,,,,,,
2021-11-02,,,,,,,,,,
2021-11-03,,,,,,,,,,
2021-11-04,,,,,,,,,,
2021-11-05,,,,,,,,,,
2021-11-06,,,,,,,,,,
2021-11-07,,,,,,,,,,
2021-11-08,,,,,,,,,,
2021-11-09,,,,,,,,,,
2021-11-10,,,,,,,,,,
2021-11-11,,,,,,,,,,
2021-11-12,,,,,,,,,,
2021-11-13,,,,,,,,,,
2021-11-14,,,,,,,,,,
2021-11-15,,,,,,,,,,
2021-11-16,,,,,,,,,,
2021-11-17,,,,,,,,,,
2021-11-18,,,,,,,,,,
2021-11-19,,,,,,,,,,
2021-11-20,,,,,,,,,,
2021-11-21,,,,,,,,,,
2021-11-22,,,,,,,,,,
2021-11-23,,,,,,,,,,
2021-11-24,,,,,,,,,,
2021-11-25,,,,,,,,,,
2021-11-26,,,,,,,,,,
2021-11-27,,,,,,,,,,
2021-11-28,,,,,,,,,,
2021-11-29,,,,,,,,,,
2021-11-30,,,,,,,,,,
2021-12-01,,,,,,,,,,
2021-12-02,,,,,,,,,,
2021-12-03,,,,,,,,,,
2021-12-04,,,,,,,,,,
2021-12-05,,,,,,,,,,
2021-12-06,,,,,,,,,,
2021-12-07,,,,,,,,,,
2021-12-08,,,,,,,,,,
2021-12-09,,,,,,,,,,
2021-12-10,,,,,,,,,,
2021-12-11,,,,,,,,,,
2021-12-12,,,,,,,,,,
2021-12-13,,,,,,,,,,
2021-12-14,,,,,,,,,,
2021-12-15,,,,,,,,,,
2021-12-16,,,,,,,,,,
2021-12-17,,,,,,,,,,
2021-12-18,,,,,,,,,,
2021-12-19,,,,,,,,,,
2021-12-20,,,,,,,,,,
2021-12-21,,,,,,,,,,
2021-12-22,,,,,,,,,,
2021-12-23,,,,,,,,,,
2021-12-24,,,,,,,,,,
2021-12-25,,,,,,,,,,
2021-12-26,,,,,,,,,,
2021-12-27,,,,,,,,,,
2021-12-28,,,,,,,,,,
2021-12-29,,,,,,,,,,
2021-12-30,,,,,,,,,,
2021-12-31,,,,,,,,,,
2022-01-01,,,,,,,,,,
2022-01-02,,,,,,,,,,
2022-01-03,,,,,,,,,,
2022-01-04,,,,,,,,,,
2022-01-05,,,,,,,,,,
2022-01-06,,,,,,,,,,
2022-01-07,,,,,,,,,,
2022-01-08,,,,,,,,,,
2022-01-09,,,,,,,,,,
2022-01-10,,,,,,,,,,
2022-01-11,,,,,,,,,,
2022-01-12,,,,,,,,,,
2022-01-13,,,,,,,,,,
2022-01-14,,,,,,,,,,
2022-01-15,,,,,,,,,,
2022-01-16,,,,,,,,,,
2022-01-17,,,,,,,,,,
2022-01-18,,,,,,,,,,
2022-01-19,,,,,,,,,,
2022-01-20,,,,,,,,,,
2022-01-21,https://www.facebook.com/Sedeslp/posts/4969355603085432,https://www.facebook.com/sedescochabamba/posts/4767553753339322,,https://www.facebook.com/SEDESOR/posts/300792545409743,https://www.facebook.com/permalink.php?story_fbid=478642363722300&id=110681273851746,https://www.facebook.com/Tarija.SEDES/posts/994978644464146,https://www.facebook.com/SEDESCh/posts/768352557901499,https://www.facebook.com/SedesBeni2021/posts/1882778561929917,https://www.facebook.com/SaludDePando/posts/1659443837736378,https://twitter.com/abi_bolivia/status/1484726696515444741
2022-01-22,https://www.facebook.com/Sedeslp/posts/4973623952658597,https://www.facebook.com/sedescochabamba/posts/4772145992880098,,https://www.facebook.com/SEDESOR/posts/301406578681673,https://www.facebook.com/permalink.php?story_fbid=479858346934035&id=110681273851746,https://www.facebook.com/Tarija.SEDES/posts/995640174397993,https://www.facebook.com/SEDESCh/posts/769072907829464,https://www.facebook.com/SedesBeni2021/posts/1883453661862407,https://www.facebook.com/SaludDePando/posts/1660109394336489,https://twitter.com/abi_bolivia/status/1485132935170646019
2022-01-23,https://www.facebook.com/Sedeslp/posts/4978294732191519,https://www.facebook.com/sedescochabamba/posts/4776715182423179,,https://www.facebook.com/SEDESOR/posts/302007748621556,https://www.facebook.com/permalink.php?story_fbid=479858696934000&id=110681273851746,https://www.facebook.com/Tarija.SEDES/posts/996264984335512,https://www.facebook.com/SEDESCh/posts/769696107767144,https://www.facebook.com/SedesBeni2021/posts/1884156328458807,https://www.facebook.com/SaludDePando/posts/1660778807602881,https://twitter.com/abi_bolivia/status/1485450535222218753
2022-01-24,https://www.facebook.com/Sedeslp/posts/4982818341739158,https://www.facebook.com/sedescochabamba/posts/4781135391981158,,https://www.facebook.com/SEDESOR/posts/302622468560084,https://twitter.com/elpotosinet/status/1485875038611984386,https://www.facebook.com/Tarija.SEDES/posts/996943644267646,https://www.facebook.com/SEDESCh/posts/770365277700227,https://www.facebook.com/SedesBeni2021/posts/1884833305057776,https://www.facebook.com/SaludDePando/posts/1661485754198853,https://twitter.com/ahora_elpueblo/status/1485778554533122048
2022-01-25,https://www.facebook.com/Sedeslp/posts/4987233061297686,https://www.facebook.com/sedescochabamba/posts/4785669391527758,,https://www.facebook.com/SEDESOR/posts/303289281826736,https://www.facebook.com/permalink.php?story_fbid=480926480160555&id=110681273851746,https://www.facebook.com/Tarija.SEDES/posts/997538530874824,https://www.facebook.com/SEDESCh/posts/771035620966526,https://www.facebook.com/SedesBeni2021/posts/1885458471661926,https://www.facebook.com/SaludDePando/posts/1662214787459283,https://twitter.com/ahora_elpueblo/status/1486138416815300615
2022-01-26,https://www.facebook.com/Sedeslp/posts/4992168677470791,https://www.facebook.com/sedescochabamba/posts/4790274927733871,,https://www.facebook.com/SEDESOR/posts/303883868433944,https://www.facebook.com/permalink.php?story_fbid=481515496768320&id=110681273851746,https://www.facebook.com/Tarija.SEDES/posts/998160807479263,https://www.facebook.com/SEDESCh/posts/771692887567466,https://www.facebook.com/SedesBeni2021/posts/1886218344919272,https://www.facebook.com/SaludDePando/posts/1662913154056113,https://twitter.com/abi_bolivia/status/1486536886621335557
2022-01-27,https://www.facebook.com/Sedeslp/posts/4996743607013298,https://www.facebook.com/sedescochabamba/posts/4794825813945449,,https://www.facebook.com/SEDESOR/posts/304487501706914,https://www.facebook.com/permalink.php?story_fbid=482109783375558&id=110681273851746,https://www.facebook.com/Tarija.SEDES/posts/998822004079810,https://www.facebook.com/SEDESCh/posts/772421530827935,https://www.facebook.com/SedesBeni2021/posts/1886836138190826,https://www.facebook.com/SaludDePando/posts/1663594057321356,https://twitter.com/ahora_elpueblo/status/1486872604547993603
2022-01-28,https://www.facebook.com/Sedeslp/posts/5001280649892927,https://www.facebook.com/sedescochabamba/posts/4799475376813826,,https://www.facebook.com/SEDESOR/posts/305102154978782,https://www.facebook.com/permalink.php?story_fbid=482777806642089&id=110681273851746,https://www.facebook.com/Tarija.SEDES/posts/999507757344568,https://www.facebook.com/SEDESCh/posts/773249524078469,https://www.facebook.com/SedesBeni2021/posts/1887551944785912,https://www.facebook.com/SaludDePando/posts/1664361497244612,https://twitter.com/ahora_elpueblo/status/1487233757220384770
2022-01-29,https://www.facebook.com/Sedeslp/posts/5004512892903036,https://www.facebook.com/sedescochabamba/posts/4802858856475478,,https://www.facebook.com/SEDESOR/posts/305706408251690,https://www.facebook.com/permalink.php?story_fbid=483281993258337&id=110681273851746,https://www.facebook.com/Tarija.SEDES/posts/1000128237282520,https://www.facebook.com/SEDESCh/posts/773895064013915,https://www.facebook.com/SedesBeni2021/posts/1888175918056848,https://www.facebook.com/SaludDePando/posts/1665023607178401,https://twitter.com/abi_bolivia/status/1487614382817234947
2022-01-30,https://www.facebook.com/Sedeslp/posts/5007590039261988,https://www.facebook.com/sedescochabamba/posts/4805802746181089,,https://www.facebook.com/SEDESOR/posts/306341868188144,https://www.facebook.com/permalink.php?story_fbid=483865319866671&id=110681273851746,https://www.facebook.com/Tarija.SEDES/posts/1000724807222863,https://www.facebook.com/SEDESCh/posts/774551237281631,https://www.facebook.com/SedesBeni2021/posts/1888825621325211,https://www.facebook.com/SaludDePando/posts/1665724643774964,https://twitter.com/abi_bolivia/status/1487980677236543490
2022-01-31,https://www.facebook.com/Sedeslp/posts/5010796145608044,https://twitter.com/LaPatriaDigital/status/1488330118347034624,,https://www.facebook.com/SEDESOR/posts/306949281460736,https://www.facebook.com/permalink.php?story_fbid=484363079816895&id=110681273851746,https://www.facebook.com/Tarija.SEDES/posts/1001371723824838,https://www.facebook.com/SEDESCh/posts/775183880551700,https://www.facebook.com/SedesBeni2021/posts/1889556507918789,https://www.facebook.com/SaludDePando/posts/1666385900375505,https://twitter.com/ahora_elpueblo/status/1488321624181030914
2022-02-01,https://www.facebook.com/Sedeslp/posts/5013743765313282,https://www.facebook.com/sedescochabamba/posts/4812159285545435,,https://www.facebook.com/SEDESOR/posts/307543731401291,https://www.facebook.com/permalink.php?story_fbid=484914676428402&id=110681273851746,https://www.facebook.com/Tarija.SEDES/posts/1002018657093478,https://www.facebook.com/SEDESCh/posts/775835070486581,https://www.facebook.com/SedesBeni2021/posts/1890185021189271,https://www.facebook.com/SaludDePando/posts/1667039676976794,https://twitter.com/ahora_elpueblo/status/1488707448454238210
2022-02-02,https://www.facebook.com/Sedeslp/posts/5016972761657049,https://www.facebook.com/sedescochabamba/posts/4815326871895343,,https://www.facebook.com/SEDESOR/posts/308226607999670,https://www.facebook.com/permalink.php?story_fbid=485490243037512&id=110681273851746,https://www.facebook.com/Tarija.SEDES/posts/1002644523697558,https://www.facebook.com/SEDESCh/posts/776464490423639,https://www.facebook.com/SedesBeni2021/posts/1890853714455735,https://www.facebook.com/SaludDePando/posts/1667703433577085,https://twitter.com/ahora_elpueblo/status/1489059083671851011
2022-02-03,https://www.facebook.com/Sedeslp/posts/5020681781286147,https://www.facebook.com/sedescochabamba/posts/4818784651549565,,https://www.facebook.com/SEDESOR/posts/308777224611275,https://www.facebook.com/permalink.php?story_fbid=486147809638422&id=110681273851746,https://www.facebook.com/Tarija.SEDES/posts/1003316926963651,https://www.facebook.com/SEDESCh/posts/777158090354279,https://www.facebook.com/SedesBeni2021/posts/1891538147720625,https://www.facebook.com/SaludDePando/posts/1668452206835541,https://twitter.com/ahora_elpueblo/status/1489411557897519107
2022-02-04,https://www.facebook.com/Sedeslp/posts/5023889420965383,https://www.facebook.com/sedescochabamba/posts/4822631887831508,,https://www.facebook.com/SEDESOR/posts/309369824552015,https://www.facebook.com/permalink.php?story_fbid=487098366210033&id=110681273851746,https://www.facebook.com/Tarija.SEDES/posts/1003938210234856,https://www.facebook.com/SEDESCh/posts/777799253623496,https://www.facebook.com/SedesBeni2021/posts/1892776924263414,https://www.facebook.com/SaludDePando/posts/1669181220095973,https://twitter.com/ahora_elpueblo/status/1489791635378606082
2022-02-05,https://www.facebook.com/Sedeslp/posts/5026940260660299,https://www.facebook.com/sedescochabamba/posts/4824963917598305,,https://www.facebook.com/SEDESOR/posts/310053594483638,https://www.facebook.com/permalink.php?story_fbid=487314072855129&id=110681273851746,https://www.facebook.com/Tarija.SEDES/posts/1004579516837392,https://www.facebook.com/SEDESCh/posts/778480340222054,https://www.facebook.com/SedesBeni2021/posts/1892908590916914,https://www.facebook.com/SaludDePando/posts/1669901660023929,https://twitter.com/ahora_elpueblo/status/1490155415623118851
2022-02-06,https://www.facebook.com/Sedeslp/posts/5030069137014078,https://www.facebook.com/sedescochabamba/posts/4828012890626741,,https://www.facebook.com/SEDESOR/posts/310615507760780,https://www.facebook.com/permalink.php?story_fbid=487914472795089&id=110681273851746,https://www.facebook.com/Tarija.SEDES/posts/1005231970105480,https://www.facebook.com/SEDESCh/posts/779151256821629,https://www.facebook.com/SedesBeni2021/posts/1893863207488119,https://www.facebook.com/SaludDePando/posts/1670562949957800,https://twitter.com/ahora_elpueblo/status/1490515532709343236
2022-02-07,https://www.facebook.com/Sedeslp/posts/5033208113366847,https://www.facebook.com/sedescochabamba/posts/4830972010330829,,https://www.facebook.com/SEDESOR/posts/311169817705349,https://www.facebook.com/permalink.php?story_fbid=488471279406075&id=110681273851746,https://www.facebook.com/Tarija.SEDES/posts/1005861770042500,https://www.facebook.com/SEDESCh/posts/779792330090855,https://www.facebook.com/SedesBeni2021/posts/1894506990757074,https://www.facebook.com/SaludDePando/posts/1671229099891185,https://twitter.com/ahora_elpueblo/status/1490869132522553345
2022-02-08,https://www.facebook.com/Sedeslp/posts/5036247259729599,https://www.facebook.com/sedescochabamba/posts/4833924690035561,,https://www.facebook.com/SEDESOR/posts/311751644313833,https://www.facebook.com/permalink.php?story_fbid=489044622682074&id=110681273851746,https://www.facebook.com/Tarija.SEDES/posts/1006474913314519,https://www.facebook.com/SEDESCh/posts/780589166677838,https://www.facebook.com/SedesBeni2021/posts/1895187180689055,https://www.facebook.com/SaludDePando/posts/1671892263158202,https://twitter.com/transmediabol/status/1491260949298298880
2022-02-09,https://www.facebook.com/Sedeslp/posts/5039235422764116,https://www.facebook.com/sedescochabamba/posts/4836992186395478,,https://www.facebook.com/SEDESOR/posts/312329667589364,https://www.facebook.com/permalink.php?story_fbid=489639912622545&id=110681273851746,https://www.facebook.com/Tarija.SEDES/posts/1007104543251556,https://www.facebook.com/SEDESCh/posts/781249669945121,https://www.facebook.com/SedesBeni2021/posts/1895860273955079,https://www.facebook.com/SaludDePando/posts/1672581403089288,https://twitter.com/ahora_elpueblo/status/1491593380924592132
2022-02-10,https://www.facebook.com/Sedeslp/posts/5044352732252385,https://www.facebook.com/sedescochabamba/posts/4840081902753173,,https://www.facebook.com/SEDESOR/posts/312967514192246,https://www.facebook.com/permalink.php?story_fbid=490293422557194&id=110681273851746,https://www.facebook.com/Tarija.SEDES/posts/1007747689853908,https://www.facebook.com/SEDESCh/posts/781898359880252,https://www.facebook.com/SedesBeni2021/posts/1896576997216740,https://www.facebook.com/SaludDePando/posts/1673275286353233,https://twitter.com/ahora_elpueblo/status/1491958277919367174
2022-02-11,https://www.facebook.com/Sedeslp/posts/5046238112063847,https://www.facebook.com/sedescochabamba/posts/4843172142444149,,https://www.facebook.com/SEDESOR/posts/313655420790122,https://www.facebook.com/permalink.php?story_fbid=490918809161322&id=110681273851746,https://www.facebook.com/Tarija.SEDES/posts/1008510699777607,https://www.facebook.com/SEDESCh/posts/782576809812407,https://www.facebook.com/SedesBeni2021/posts/1897227967151643,https://www.facebook.com/SaludDePando/posts/1673961189617976,https://twitter.com/ahora_elpueblo/status/1492324204833771521
2022-02-12,https://www.facebook.com/Sedeslp/posts/5049048401782818,https://www.facebook.com/sedescochabamba/posts/4846273998800630,,https://www.facebook.com/SEDESOR/posts/314261924062805,https://www.facebook.com/permalink.php?story_fbid=491479582438578&id=110681273851746,https://www.facebook.com/Tarija.SEDES/posts/1009135669715110,https://www.facebook.com/SEDESCh/posts/783264983076923,https://www.facebook.com/SedesBeni2021/posts/1898021217072318,https://www.facebook.com/SaludDePando/posts/1674650129549082,https://twitter.com/abi_bolivia/status/1492708287443189764
2022-02-13,https://www.facebook.com/Sedeslp/posts/5051729324848059,https://www.facebook.com/sedescochabamba/posts/4849104011850962,,https://www.facebook.com/SEDESOR/posts/314882994000698,https://www.facebook.com/permalink.php?story_fbid=492207265699143&id=110681273851746,https://www.facebook.com/Tarija.SEDES/posts/1009734522988558,https://www.facebook.com/SEDESCh/posts/783906279679460,https://www.facebook.com/SedesBeni2021/posts/1898702033670903,https://www.facebook.com/SaludDePando/posts/1675316602815768,https://twitter.com/abi_bolivia/status/1493193661668110342
2022-02-14,https://www.facebook.com/Sedeslp/posts/5054802187874106,https://twitter.com/LosTiemposBol/status/1493375216952692738,,https://www.facebook.com/SEDESOR/posts/315480283940969,https://www.facebook.com/permalink.php?story_fbid=492814842305052&id=110681273851746,https://www.facebook.com/Tarija.SEDES/posts/1010398252922185,https://www.facebook.com/SEDESCh/posts/784605286276226,https://www.facebook.com/SedesBeni2021/posts/1899469760260797,https://www.facebook.com/SaludDePando/posts/1676033766077385,https://twitter.com/ahora_elpueblo/status/1493403445574909957
2022-02-15,https://www.facebook.com/Sedeslp/posts/5058185027535822,https://www.facebook.com/sedescochabamba/posts/4855376334557063,,https://www.facebook.com/SEDESOR/posts/316213413867656,https://www.facebook.com/permalink.php?story_fbid=493399822246554&id=110681273851746,https://www.facebook.com/Tarija.SEDES/posts/1011020146193329,https://www.facebook.com/SEDESCh/posts/785293032874118,https://www.facebook.com/SedesBeni2021/posts/1900206703520436,https://www.facebook.com/SaludDePando/posts/1676737559340339,https://twitter.com/ahora_elpueblo/status/1493758484697034753
2022-02-16,https://www.facebook.com/Sedeslp/posts/5061216170566041,https://www.facebook.com/sedescochabamba/posts/4858685737559456,,https://www.facebook.com/SEDESOR/posts/316810043807993,https://www.facebook.com/permalink.php?story_fbid=494031562183380&id=110681273851746,https://www.facebook.com/Tarija.SEDES/posts/1011686026126741,https://www.facebook.com/SEDESCh/posts/785943882809033,https://www.facebook.com/SedesBeni2021/posts/1900894623451644,https://www.facebook.com/SaludDePando/posts/1677433045937457,https://twitter.com/ahora_elpueblo/status/1494116892650442752
2022-02-17,https://www.facebook.com/Sedeslp/posts/5064616590225999,https://www.facebook.com/sedescochabamba/posts/4862097013884995,,https://www.facebook.com/SEDESOR/posts/317414220414242,https://www.facebook.com/permalink.php?story_fbid=494514292135107&id=110681273851746,https://www.facebook.com/Tarija.SEDES/posts/1012358486059495,https://www.facebook.com/SEDESCh/posts/786590239411064,https://www.facebook.com/SedesBeni2021/posts/1904450753096031,https://www.facebook.com/SaludDePando/posts/1678119542535474,https://twitter.com/ahora_elpueblo/status/1494495249649000449
2022-02-18,https://www.facebook.com/Sedeslp/posts/5067642423256749,https://www.facebook.com/sedescochabamba/posts/4865110686916961,,https://www.facebook.com/SEDESOR/posts/318004910355173,https://www.facebook.com/permalink.php?story_fbid=495145875405282&id=110681273851746,https://www.facebook.com/Tarija.SEDES/posts/1013007292661281,https://www.facebook.com/SEDESCh/posts/787263919343696,,https://www.facebook.com/SaludDePando/posts/1678851302462298,https://twitter.com/ahora_elpueblo/status/1494840771597508611
2022-02-19,https://www.facebook.com/Sedeslp/posts/5072660966088228,https://www.facebook.com/sedescochabamba/posts/4868146496613380,,https://www.facebook.com/SEDESOR/posts/318693086953022,https://www.facebook.com/permalink.php?story_fbid=495732005346669&id=110681273851746,https://www.facebook.com/Tarija.SEDES/posts/1013661909262486,https://www.facebook.com/SEDESCh/posts/787907289279359,,https://www.facebook.com/SaludDePando/posts/1679580435722718,https://twitter.com/ahora_elpueblo/status/1495217937636073476
2022-02-20,https://www.facebook.com/Sedeslp/posts/5073686019319056,https://www.facebook.com/sedescochabamba/posts/4871345446293485,,https://www.facebook.com/SEDESOR/posts/319313326890998,https://www.facebook.com/permalink.php?story_fbid=496267061959830&id=110681273851746,https://www.facebook.com/Tarija.SEDES/posts/1014351282526882,https://www.facebook.com/SEDESCh/posts/788540992549322,,https://www.facebook.com/SaludDePando/posts/1680361662311262,https://twitter.com/ahora_elpueblo/status/1495605461399261184
2022-02-21,https://www.facebook.com/Sedeslp/posts/5076907045663620,https://www.facebook.com/sedescochabamba/posts/4874216869339676,,https://www.facebook.com/SEDESOR/posts/319903110165353,https://www.facebook.com/permalink.php?story_fbid=496867511899785&id=110681273851746,https://www.facebook.com/Tarija.SEDES/posts/1015079125787431,https://www.facebook.com/SEDESCh/posts/789225265814228,https://www.facebook.com/SedesBeni2021/posts/1904451519762621,https://www.facebook.com/SaludDePando/posts/1681066025574159,https://twitter.com/ahora_elpueblo/status/1495925466603175941
2022-02-22,https://www.facebook.com/Sedeslp/posts/5080150878672570,https://www.facebook.com/sedescochabamba/posts/4877532245674805,,https://www.facebook.com/SEDESOR/posts/320529196769411,https://www.facebook.com/permalink.php?story_fbid=497496688503534&id=110681273851746,https://www.facebook.com/Tarija.SEDES/posts/1015660939062583,https://www.facebook.com/SEDESCh/posts/789932795743475,https://www.facebook.com/SedesBeni2021/posts/1905154589692314,https://www.facebook.com/SaludDePando/posts/1681821435498618,https://twitter.com/ahora_elpueblo/status/1496295146526322688
2022-02-23,https://www.facebook.com/Sedeslp/posts/5083136811707310,https://twitter.com/LosTiemposBol/status/1496631893558808580,,https://www.facebook.com/SEDESOR/posts/321184186703912,https://www.facebook.com/permalink.php?story_fbid=498086018444601&id=110681273851746,https://www.facebook.com/Tarija.SEDES/posts/1016322588996418,https://www.facebook.com/SEDESCh/posts/790643339005754,https://www.facebook.com/SedesBeni2021/posts/1905866322954474,https://www.facebook.com/SaludDePando/posts/1682555485425213,https://twitter.com/ahora_elpueblo/status/1496656843338252289
2022-02-24,https://www.facebook.com/Sedeslp/posts/5086248648062793,https://www.facebook.com/sedescochabamba/posts/4883455171749179,,https://www.facebook.com/SEDESOR/posts/321782263310771,https://www.facebook.com/permalink.php?story_fbid=498684938384709&id=110681273851746,https://www.facebook.com/Tarija.SEDES/posts/1016974192264591,https://www.facebook.com/SEDESCh/posts/791336172269804,https://www.facebook.com/SedesBeni2021/posts/1906591209548652,https://www.facebook.com/SaludDePando/posts/1683314825349279,https://twitter.com/ahora_elpueblo/status/1497027252038639623
2022-02-25,https://www.facebook.com/Sedeslp/posts/5099950676692590,https://www.facebook.com/sedescochabamba/posts/4886399024788127,,https://www.facebook.com/SEDESOR/posts/322452249910439,https://www.facebook.com/permalink.php?story_fbid=499837841602752&id=110681273851746,https://www.facebook.com/Tarija.SEDES/posts/1017625525532791,https://www.facebook.com/SEDESCh/posts/792032515533503,https://www.facebook.com/SedesBeni2021/posts/1907490026125437,https://www.facebook.com/SaludDePando/posts/1684081965272565,https://twitter.com/ahora_elpueblo/status/1497412441491361802
2022-02-26,https://www.facebook.com/Sedeslp/posts/5094789807208677,https://www.facebook.com/sedescochabamba/posts/4889154067845956,,https://www.facebook.com/SEDESOR/posts/323137729841891,https://www.facebook.com/permalink.php?story_fbid=499838054936064&id=110681273851746,https://www.facebook.com/Tarija.SEDES/posts/1018295538799123,https://www.facebook.com/SEDESCh/posts/792730945463660,https://www.facebook.com/SedesBeni2021/posts/1908231492717957,https://www.facebook.com/SaludDePando/posts/1684940575186704,https://twitter.com/ahora_elpueblo/status/1497766337669701641
2022-02-27,https://www.facebook.com/Sedeslp/posts/5094864333867891,,,https://www.facebook.com/SEDESOR/posts/323813383107659,https://www.facebook.com/permalink.php?story_fbid=500503014869568&id=110681273851746,https://www.facebook.com/Tarija.SEDES/posts/1018947062067304,https://www.facebook.com/SEDESCh/posts/793507908719297,https://www.facebook.com/SedesBeni2021/posts/1908896469318126,https://www.facebook.com/SaludDePando/posts/1685643455116416,https://twitter.com/ahora_elpueblo/status/1498129985122406400
2022-02-28,https://www.facebook.com/Sedeslp/posts/5100070046680653,https://twitter.com/ExitoNoticias/status/1498477892740784130,,https://www.facebook.com/SEDESOR/posts/324426713046326,https://www.facebook.com/permalink.php?story_fbid=501056898147513&id=110681273851746,https://www.facebook.com/Tarija.SEDES/posts/1019558328672844,https://www.facebook.com/SEDESCh/posts/794254885311266,https://www.facebook.com/SedesBeni2021/posts/1909536552587451,https://www.facebook.com/SaludDePando/posts/1686599205020841,https://twitter.com/ahora_elpueblo/status/1498473952833720324
2022-03-01,https://twitter.com/noticiasfides/status/1498855774537273344,https://twitter.com/ExitoNoticias/status/1498841211163103232,,https://www.facebook.com/SEDESOR/posts/325122176310113,https://www.facebook.com/permalink.php?story_fbid=502211938032009&id=110681273851746,https://www.facebook.com/Tarija.SEDES/posts/1020302268598450,https://www.facebook.com/SEDESCh/posts/794935831909838,https://www.facebook.com/SedesBeni2021/posts/1910413952499711,https://www.facebook.com/SaludDePando/posts/1687114258302669,https://twitter.com/ahora_elpueblo/status/1498840656021790726
2022-03-02,https://www.facebook.com/Sedeslp/posts/5103073723046952,https://www.facebook.com/sedescochabamba/posts/4900215356739827,,https://www.facebook.com/SEDESOR/posts/325795229576141,https://www.facebook.com/permalink.php?story_fbid=502444614675408&id=110681273851746,https://www.facebook.com/Tarija.SEDES/posts/1020953755199968,https://www.facebook.com/SEDESCh/posts/795672735169481,https://twitter.com/ExitoNoticias/status/1499189911542456322,https://www.facebook.com/SaludDePando/posts/1687823894898372,https://twitter.com/ahora_elpueblo/status/1499203809071058953
2022-03-03,https://www.facebook.com/Sedeslp/posts/5105876339433357,https://www.facebook.com/sedescochabamba/posts/4902859883142041,,https://www.facebook.com/SEDESOR/posts/326410579514606,https://www.facebook.com/permalink.php?story_fbid=503057087947494&id=110681273851746,https://www.facebook.com/Tarija.SEDES/posts/1021589735136370,https://www.facebook.com/SEDESCh/posts/796358011767620,https://twitter.com/ExitoNoticias/status/1499556307313078279,https://www.facebook.com/SaludDePando/posts/1688547788159316,https://twitter.com/ahora_elpueblo/status/1499578034814394368
2022-03-04,https://www.facebook.com/Sedeslp/posts/5108720615815596,https://www.facebook.com/sedescochabamba/posts/4905772942850735,,https://www.facebook.com/SEDESOR/posts/327013399454324,https://www.facebook.com/permalink.php?story_fbid=503690764550793&id=110681273851746,https://www.facebook.com/Tarija.SEDES/posts/1022241988404478,https://www.facebook.com/SEDESCh/posts/797007058369382,https://twitter.com/ExitoNoticias/status/1499918602035736580,https://www.facebook.com/SaludDePando/posts/1689297098084385,https://twitter.com/ahora_elpueblo/status/1499950712830058502
2022-03-05,https://www.facebook.com/Sedeslp/posts/5113725448648446,https://twitter.com/LosTiemposBol/status/1500257101570088960,,https://www.facebook.com/SEDESOR/posts/327616422727355,https://www.facebook.com/permalink.php?story_fbid=504262327826970&id=110681273851746,https://www.facebook.com/Tarija.SEDES/posts/1022866631675347,https://www.facebook.com/SEDESCh/posts/797666268303461,https://www.facebook.com/SedesBeni2021/posts/1913216542219452,https://www.facebook.com/SaludDePando/posts/1689983671349061,https://twitter.com/ahora_elpueblo/status/1500294411011432449
2022-03-06,https://www.facebook.com/Sedeslp/posts/5114038605283797,https://www.facebook.com/sedescochabamba/posts/4912051222222907,,https://www.facebook.com/SEDESOR/posts/328243532664644,https://www.facebook.com/permalink.php?story_fbid=504883784431491&id=110681273851746,https://www.facebook.com/Tarija.SEDES/posts/1023472804948063,https://www.facebook.com/SEDESCh/posts/798342264902528,https://www.facebook.com/SedesBeni2021/posts/1913928672148239,https://www.facebook.com/SaludDePando/posts/1690651087948986,https://twitter.com/ahora_elpueblo/status/1500667478510383107
2022-03-07,https://www.facebook.com/Sedeslp/posts/5116804628340528,https://www.facebook.com/sedescochabamba/posts/4913710745390288,,https://www.facebook.com/SEDESOR/posts/328845975937733,https://www.facebook.com/permalink.php?story_fbid=505410037712199&id=110681273851746,https://www.facebook.com/Tarija.SEDES/posts/1024108354884508,https://www.facebook.com/SEDESCh/posts/799020594834695,https://www.facebook.com/SedesBeni2021/posts/1914589638748809,https://www.facebook.com/SaludDePando/posts/1691386484542113,https://twitter.com/ahora_elpueblo/status/1501009718495563777
2022-03-08,https://www.facebook.com/Sedeslp/posts/5119512834736374,https://www.facebook.com/sedescochabamba/posts/4916275321800497,,https://www.facebook.com/SEDESOR/posts/329433812545616,https://www.facebook.com/permalink.php?story_fbid=506013327651870&id=110681273851746,https://www.facebook.com/Tarija.SEDES/posts/1024741511487859,https://www.facebook.com/SEDESCh/posts/799704058099682,https://www.facebook.com/SedesBeni2021/posts/1915280058679767,https://www.facebook.com/SaludDePando/posts/1692072291140199,https://twitter.com/ahora_elpueblo/status/1501365731551854595
2022-03-09,https://www.facebook.com/Sedeslp/posts/5123530021001322,https://twitter.com/LosTiemposBol/status/1501723738873769984,,https://www.facebook.com/SEDESOR/posts/330033379152326,https://www.facebook.com/permalink.php?story_fbid=506574694262400&id=110681273851746,https://www.facebook.com/Tarija.SEDES/posts/1026640504631293,https://www.facebook.com/SEDESCh/posts/800437648026323,https://www.facebook.com/SedesBeni2021/posts/1915992235275216,https://www.facebook.com/SaludDePando/posts/1692761127737982,https://twitter.com/ahora_elpueblo/status/1501735719395643394
2022-03-10,https://www.facebook.com/Sedeslp/posts/5126277480726576,https://www.facebook.com/sedescochabamba/posts/4921649917929704,,https://www.facebook.com/SEDESOR/posts/330647562424241,https://www.facebook.com/permalink.php?story_fbid=507145034205366&id=110681273851746,https://www.facebook.com/Tarija.SEDES/posts/1026056658023011,https://www.facebook.com/SEDESCh/posts/801130204623734,https://www.facebook.com/SedesBeni2021/posts/1916777421863364,https://www.facebook.com/SaludDePando/posts/1693435184337243,https://twitter.com/ahora_elpueblo/status/1502094334153400336
2022-03-11,https://www.facebook.com/Sedeslp/posts/5134195713268086,https://www.facebook.com/sedescochabamba/posts/4924405574320805,,https://www.facebook.com/SEDESOR/posts/331292499026414,https://www.facebook.com/permalink.php?story_fbid=508347907418412&id=110681273851746,https://www.facebook.com/Tarija.SEDES/posts/1026640504631293,https://www.facebook.com/SEDESCh/posts/801798864556868,https://www.facebook.com/SedesBeni2021/posts/1917435945130845,https://www.facebook.com/SaludDePando/posts/1694099230937505,https://twitter.com/ahora_elpueblo/status/1502449837328936964
2022-03-12,https://www.facebook.com/Sedeslp/posts/5134319563255701,https://www.facebook.com/sedescochabamba/posts/4927092640718765,,https://www.facebook.com/SEDESOR/posts/331879712301026,https://www.facebook.com/permalink.php?story_fbid=508348117418391&id=110681273851746,https://www.facebook.com/Tarija.SEDES/posts/1027506221211388,https://www.facebook.com/SEDESCh/posts/802483047821783,https://www.facebook.com/SedesBeni2021/posts/1918211745053265,https://www.facebook.com/SaludDePando/posts/1694782074202554,https://twitter.com/ahora_elpueblo/status/1502834066693013508
2022-03-13,https://www.facebook.com/Sedeslp/posts/5134211209933203,https://twitter.com/LosTiemposBol/status/1503162003224989704,,https://www.facebook.com/SEDESOR/posts/332545768901087,https://www.facebook.com/permalink.php?story_fbid=509010980685438&id=110681273851746,https://www.facebook.com/Tarija.SEDES/posts/1028110131150997,https://www.facebook.com/SEDESCh/posts/803137597756328,https://www.facebook.com/SedesBeni2021/posts/1918890794985360,https://www.facebook.com/SaludDePando/posts/1695516244129137,https://twitter.com/noticiasfides/status/1503209679224074240
2022-03-14,https://www.facebook.com/Sedeslp/posts/5137096856311305,https://www.facebook.com/sedescochabamba/posts/4932278066866889,,https://www.facebook.com/SEDESOR/posts/333137438841920,https://www.facebook.com/permalink.php?story_fbid=509532053966664&id=110681273851746,https://www.facebook.com/Tarija.SEDES/posts/1028735214421822,https://www.facebook.com/SEDESCh/posts/803816961021725,https://www.facebook.com/SedesBeni2021/posts/1919567071584399,https://www.facebook.com/SaludDePando/posts/1696194320727996,https://twitter.com/ahora_elpueblo/status/1503575013781385220
2022-03-15,https://www.facebook.com/Sedeslp/posts/5138250549529269,https://www.facebook.com/sedescochabamba/posts/4934887896605906,,https://www.facebook.com/SEDESOR/posts/333745018781162,https://www.facebook.com/permalink.php?story_fbid=510161847237018&id=110681273851746,https://www.facebook.com/Tarija.SEDES/posts/1029340644361279,https://www.facebook.com/SEDESCh/posts/804493880954033,https://www.facebook.com/SedesBeni2021/posts/1920298594844580,https://www.facebook.com/SaludDePando/posts/1696912667322828,https://twitter.com/ahora_elpueblo/status/1503915465948639232
2022-03-16,https://www.facebook.com/Sedeslp/posts/5141072232580434,https://www.facebook.com/sedescochabamba/posts/4937698669658162,,https://www.facebook.com/SEDESOR/posts/334389798716684,https://www.facebook.com/permalink.php?story_fbid=510771060509430&id=110681273851746,https://www.facebook.com/Tarija.SEDES/posts/1029975194297824,https://www.facebook.com/SEDESCh/posts/805189057551182,https://www.facebook.com/SedesBeni2021/posts/1921014488106324,https://www.facebook.com/SaludDePando/posts/1697639620583466,https://twitter.com/ahora_elpueblo/status/1504284549987155975
2022-03-17,https://www.facebook.com/Sedeslp/posts/5143872765633714,https://www.facebook.com/sedescochabamba/posts/4940288169399212,,https://www.facebook.com/SEDESOR/posts/335036295318701,https://www.facebook.com/permalink.php?story_fbid=511714150415121&id=110681273851746,https://www.facebook.com/Tarija.SEDES/posts/1030646610897349,https://www.facebook.com/SEDESCh/posts/806271030776318,https://www.facebook.com/SedesBeni2021/posts/1921833358024437,https://www.facebook.com/SaludDePando/posts/1698362917177803,https://twitter.com/ahora_elpueblo/status/1504640003451854849
2022-03-18,https://www.facebook.com/Sedeslp/posts/5146535452034112,https://www.facebook.com/sedescochabamba/posts/4943122835782412,,https://www.facebook.com/SEDESOR/posts/335686535253677,https://www.facebook.com/permalink.php?story_fbid=512034627049740&id=110681273851746,https://www.facebook.com/Tarija.SEDES/posts/1031455307483146,https://www.facebook.com/SEDESCh/posts/806626390740782,https://www.facebook.com/SedesBeni2021/posts/1923112557896517,https://www.facebook.com/SaludDePando/posts/1699097240437704,https://twitter.com/ahora_elpueblo/status/1504995014929170434
2022-03-19,https://www.facebook.com/Sedeslp/posts/5148931131794544,https://www.facebook.com/sedescochabamba/posts/4946708468757182,,https://www.facebook.com/SEDESOR/posts/336310118524652,https://www.facebook.com/permalink.php?story_fbid=512582583661611&id=110681273851746,https://www.facebook.com/Tarija.SEDES/posts/1032050674090276,https://www.facebook.com/SEDESCh/posts/807301584006596,https://www.facebook.com/SedesBeni2021/posts/1923375444536895,https://www.facebook.com/SaludDePando/posts/1699765840370844,https://twitter.com/ahora_elpueblo/status/1505354237198352384
2022-03-20,https://www.facebook.com/Sedeslp/posts/5151398174881173,https://twitter.com/LosTiemposBol/status/1505711430322032641,,https://www.facebook.com/SEDESOR/posts/336901571798840,https://www.facebook.com/permalink.php?story_fbid=513520496901153&id=110681273851746,https://www.facebook.com/Tarija.SEDES/posts/1032702017358475,https://www.facebook.com/SEDESCh/posts/807988977271190,https://www.facebook.com/SedesBeni2021/posts/1924039091137197,https://www.facebook.com/SaludDePando/posts/1700478736966221,https://twitter.com/ahora_elpueblo/status/1505729822764449797
2022-03-21,https://www.facebook.com/Sedeslp/posts/5154111557943168,https://www.facebook.com/sedescochabamba/posts/4950457621715600,,https://www.facebook.com/SEDESOR/posts/337484875073843,https://www.facebook.com/permalink.php?story_fbid=513743276878875&id=110681273851746,https://www.facebook.com/Tarija.SEDES/posts/1033268950635115,https://www.facebook.com/SEDESCh/posts/808697020533719,https://www.facebook.com/SedesBeni2021/posts/1924743951066711,https://www.facebook.com/SaludDePando/posts/1701144793566282,https://twitter.com/ahora_elpueblo/status/1506094904447021061
2022-03-22,https://www.facebook.com/Sedeslp/posts/5156882024332788,https://www.facebook.com/sedescochabamba/posts/4953877051373657,,https://www.facebook.com/SEDESOR/posts/338074931681504,https://www.facebook.com/permalink.php?story_fbid=514353090151227&id=110681273851746,https://www.facebook.com/Tarija.SEDES/posts/1033959023899441,https://www.facebook.com/SEDESCh/posts/809378360465585,https://www.facebook.com/SedesBeni2021/posts/1925440777663695,https://www.facebook.com/SaludDePando/posts/1701838636830231,https://twitter.com/notiAsolysombra/status/1506472873480830979
2022-03-23,https://www.facebook.com/Sedeslp/posts/5159276400760017,https://www.facebook.com/sedescochabamba/posts/4955502101211152,,https://www.facebook.com/SEDESOR/posts/338709251618072,https://www.facebook.com/permalink.php?story_fbid=515003526752850&id=110681273851746,https://www.facebook.com/Tarija.SEDES/posts/1034581793837164,https://www.facebook.com/SEDESCh/posts/810070640396357,https://www.facebook.com/SedesBeni2021/posts/1926057990935307,https://www.facebook.com/SaludDePando/posts/1702481093432652,https://twitter.com/ahora_elpueblo/status/1506827364029849600
2022-03-24,https://www.facebook.com/Sedeslp/posts/5163358823685108,https://www.facebook.com/sedescochabamba/posts/4958217637606265,,https://www.facebook.com/SEDESOR/posts/339304798225184,https://www.facebook.com/permalink.php?story_fbid=515507596702443&id=110681273851746,https://www.facebook.com/Tarija.SEDES/posts/1035203357108341,https://www.facebook.com/SEDESCh/posts/810740553662699,https://www.facebook.com/SedesBeni2021/posts/1926770747530698,https://www.facebook.com/SaludDePando/posts/1703168156697279,https://twitter.com/ahora_elpueblo/status/1507188135284948995
2022-03-25,https://www.facebook.com/Sedeslp/posts/5164643606889963,https://www.facebook.com/sedescochabamba/posts/4960717490689613,,https://www.facebook.com/SEDESOR/posts/339945898161074,https://www.facebook.com/permalink.php?story_fbid=516261379960398&id=110681273851746,https://www.facebook.com/Tarija.SEDES/posts/1035911457037531,https://www.facebook.com/SEDESCh/posts/811443260259095,https://www.facebook.com/SedesBeni2021/posts/1927562217451551,https://www.facebook.com/SaludDePando/posts/1703887049958723,https://twitter.com/ahora_elpueblo/status/1507573397060038657
2022-03-26,https://www.facebook.com/Sedeslp/posts/5170062129681444,https://www.facebook.com/sedescochabamba/posts/4963326993761996,,https://www.facebook.com/SEDESOR/posts/340601811428816,https://www.facebook.com/permalink.php?story_fbid=516831619903374&id=110681273851746,https://www.facebook.com/Tarija.SEDES/posts/1036541070307903,https://www.facebook.com/SEDESCh/posts/812142943522460,https://www.facebook.com/SedesBeni2021/posts/1928241187383654,https://www.facebook.com/SaludDePando/posts/1704594713221290,https://twitter.com/ahora_elpueblo/status/1507898133975552002
2022-03-27,https://www.facebook.com/Sedeslp/posts/5170075839680073,https://www.facebook.com/sedescochabamba/posts/4966044796823549,,https://www.facebook.com/SEDESOR/posts/341214998034164,https://www.facebook.com/permalink.php?story_fbid=517509366502266&id=110681273851746,https://www.facebook.com/Tarija.SEDES/posts/1037222303573113,https://www.facebook.com/SEDESCh/posts/812859990117422,https://www.facebook.com/SedesBeni2021/posts/1929030063971433,https://www.facebook.com/SaludDePando/posts/1705295709817857,https://twitter.com/ahora_elpueblo/status/1508260400198201345
2022-03-28,https://www.facebook.com/Sedeslp/posts/5172551129432544,https://twitter.com/LosTiemposBol/status/1508593808962990082,,https://www.facebook.com/SEDESOR/posts/341812071307790,https://www.facebook.com/permalink.php?story_fbid=518022503117619&id=110681273851746,https://www.facebook.com/Tarija.SEDES/posts/1037912213504122,https://www.facebook.com/SEDESCh/posts/813510950052326,https://www.facebook.com/SedesBeni2021/posts/1929752310565875,https://www.facebook.com/SaludDePando/posts/1706021259745302,https://twitter.com/ahora_elpueblo/status/1508619005883564035
2022-03-29,https://www.facebook.com/Sedeslp/posts/5176695305684793,https://www.facebook.com/sedescochabamba/posts/4971063302988365,,https://www.facebook.com/SEDESOR/posts/342418254580505,https://www.facebook.com/permalink.php?story_fbid=518909996362203&id=110681273851746,https://www.facebook.com/Tarija.SEDES/posts/1038478466780830,https://www.facebook.com/SEDESCh/posts/814196386650449,https://www.facebook.com/SedesBeni2021/posts/1930363280504778,https://www.facebook.com/SaludDePando/posts/1706736669673761,https://twitter.com/ahora_elpueblo/status/1508985119628926978
2022-03-30,https://www.facebook.com/Sedeslp/posts/5177983425555981,https://www.facebook.com/sedescochabamba/posts/4973554226072606,,https://www.facebook.com/SEDESOR/posts/343037374518593,https://www.facebook.com/permalink.php?story_fbid=519149249671611&id=110681273851746,https://www.facebook.com/Tarija.SEDES/posts/1039105043384839,https://www.facebook.com/SEDESCh/posts/814914559911965,https://www.facebook.com/SedesBeni2021/posts/1931079783766461,https://www.facebook.com/SaludDePando/posts/1707427709604657,https://twitter.com/ahora_elpueblo/status/1509345657252986882
2022-03-31,https://www.facebook.com/Sedeslp/posts/5182403478447309,,,https://www.facebook.com/SEDESOR/posts/343745301114467,https://www.facebook.com/permalink.php?story_fbid=519776839608852&id=110681273851746,https://www.facebook.com/Tarija.SEDES/posts/1039764129985597,https://www.facebook.com/SEDESCh/posts/815616923175062,https://www.facebook.com/SedesBeni2021/posts/1931815503692889,https://www.facebook.com/SaludDePando/posts/1708136886200406,https://twitter.com/ahora_elpueblo/status/1509732415933014019
2022-04-01,https://www.facebook.com/Sedeslp/posts/5183435551677435,https://www.facebook.com/sedescochabamba/posts/4978935328867829,,https://www.facebook.com/SEDESOR/posts/344408831048114,https://www.facebook.com/permalink.php?story_fbid=520406202879249&id=110681273851746,https://www.facebook.com/Tarija.SEDES/posts/1040430166585660,https://www.facebook.com/SEDESCh/posts/816312806438807,https://www.facebook.com/SedesBeni2021/posts/1932507170290389,https://www.facebook.com/SaludDePando/posts/1708859982794763,https://twitter.com/ahora_elpueblo/status/1510074608673775624
2022-04-02,https://www.facebook.com/Sedeslp/posts/5188439211177069,https://www.facebook.com/sedescochabamba/posts/4978935328867829,,https://www.facebook.com/SEDESOR/posts/345023490986648,https://www.facebook.com/permalink.php?story_fbid=521031316150071&id=110681273851746,https://www.facebook.com/Tarija.SEDES/posts/1041112353184108,https://www.facebook.com/SEDESCh/posts/817050496365038,,https://www.facebook.com/SaludDePando/posts/1709588972721864,https://twitter.com/ahora_elpueblo/status/1510465309932769283
2022-04-03,https://www.facebook.com/Sedeslp/posts/5188447011176289,,,https://www.facebook.com/SEDESOR/posts/345617857593878,https://www.facebook.com/permalink.php?story_fbid=521657799420756&id=110681273851746,https://www.facebook.com/Tarija.SEDES/posts/1041788469783163,https://www.facebook.com/SEDESCh/posts/817777932958961,https://www.facebook.com/SedesBeni2021/posts/1933950410146065,https://www.facebook.com/SaludDePando/posts/1710289902651771,https://twitter.com/ahora_elpueblo/status/1510813380738703369